,brand,price
0,Chaussures de course sur route 1400v6 de New Balance - Hommes,"90,97 $"
1,Chaussures Fiery GORE-TEX de Merrell - Hommes,"159,95 $"
2,Chaussures de courte randonnée Moraine GORE-TEX de Scarpa - Hommes,"219,95 $"
3,Chaussures de randonnée imperméables Vals Mid de The North Face - Hommes,"110,49 $"
4,Chaussures de course Minimus Trail 10 de New Balance - Hommes,"149,95 $"
5,Chaussures de randonnée légère mi-hautes Moraine GTX de Scarpa - Hommes,"229,95 $"
6,Chaussures d'approche Mojito de Scarpa - Hommes,"179,95 $"
7,Chaussures imperméables Citizen Evo de Keen - Hommes,"119,97 $"
8,Chaussures de randonnée légère imperméables Venture de Keen - Hommes,"139,97 $"
9,Chaussures Ultra Fastpack III GORE-TEX Woven de The North Face - Hommes,"164,99 $"
10,Chaussures course sur sentier Air Zoom Wildhorse 5 de Nike - Hommes,"108,71 $"
11,Chaussures FiveFingers KSO EVO de Vibram - Hommes,"129,95 $"
12,Chaussures de courte randonnée Aerios FL Mid GTX de Arc'teryx - Hommes,"214,95 $"
13,Chaussures de sport Soft 7 Tred GORE-TEX de Ecco - Hommes,"157,47 $"
14,Chaussures de course sur route Adrenaline GTS19 de Brooks - Hommes,"84,98 $"
15,Chaussures de course React Infinity Run Flyknit de Nike - Hommes,"214,95 $"
16,Chaussures Circuit de Black Diamond - Hommes,"129,95 $"
17,Chaussures Austin de Keen - Hommes,"149,95 $"
18,Chaussures de course Wave Rider GTX de Mizuno - Hommes,"113,97 $"
19,Chaussures de course sur route Air Zoom Pegasus 36 de Nike - Hommes,"154,95 $"
20,Chaussures de course sur route Ghost 12 de Brooks - Hommes,"169,95 $"
21,Chaussures d'entraînement Solstice de Altra - Hommes,"77,97 $"
22,Chaussures de courte randonnée Kaha GTX de Hoka One One - Hommes,"289,95 $"
23,Chaussures de randonnée légère Breeze LT Mid GTX de Vasque - Hommes,"99,98 $"
24,Chaussures Ascent Ride GORE-TEX de Merrell - Hommes,"125,97 $"
25,Chaussures Moloa de Olukai - Hommes,"149,95 $"
26,Chaussures de courte randonnée Explore Low de Keen - Hommes,"97,47 $"
27,Chaussures de courte randonnée Breeze LT Low GTX de Vasque - Hommes,"189,95 $"
28,Chaussures Moab Adventure Lace de Merrell - Hommes,"159,95 $"
29,Chaussures de course Oribi5 BUGrip Traction de Icebug - Hommes,"136,47 $"
30,Chaussures de course sur route Cloud de On - Hommes,"159,95 $"
31,Chaussures Surge Highgate de The North Face - Hommes,"77,99 $"
32,Chaussures de course sur route Sonic RA Pro 2 de Salomon - Hommes,"79,98 $"
33,Chaussures de course sur route Escalante 1.5 de Altra - Hommes,"125,97 $"
34,Chaussures course sentier S/LAB SENSE7 Soft Ground de Salomon - Unisexe,"146,97 $"
35,Chaussures de course sur sentier Terrex Two Parley de Adidas - Hommes,"114,37 $"
36,Chaussures de course sur sentier XA Pro 3D de Salomon - Hommes,"95,97 $"
37,Chaussures imperméables Phil Mid de Forsake - Hommes,"174,95 $"
38,Chaussures de course sur sentier Cascadia 14 GTX de Brooks - Hommes,"174,95 $"
39,Chaussures de randonnée légère Sawtooth II Low de Oboz - Hommes,"149,95 $"
40,Chaussures Margarita de Scarpa - Hommes,"169,95 $"
41,Chaussures de course sur route Clifton 6 de Hoka One One - Hommes,"169,95 $"
42,Chaussures de course sur route Gel-Nimbus 21 de Asics - Hommes,"129,97 $"
43,Chaussures de course sur route Pulseboost HD de Adidas - Hommes,"113,97 $"
44,Mocassins Nohea Mesh de Olukai - Hommes,"99,95 $"
45,Chaussures de randonnée OUTline Mid GORE-TEX de Salomon - Hommes,"179,95 $"
46,Chaussures Session de Black Diamond - Hommes,"154,95 $"
47,Chaussures d'approche TX2 de La Sportiva - Hommes,"139,95 $"
48,Chaussures de course sur route Ultraboost 19 de Adidas - Hommes,"179,99 $"
49,Chaussures Gecko Air de Scarpa - Unisexe,"86,67 $"
50,Chaussures course sentier imperméables Speedgoat 3 de Hoka One One - Hommes,"116,97 $"
51,Chaussures Margarita GTX de Scarpa - Hommes,"139,97 $"
52,Chaussures de course sur route Sonic RA 2 de Salomon - Hommes,"79,98 $"
53,Chaussures de randonnée légère Spire GTX Surround de La Sportiva - Hommes,"209,95 $"
54,Chaussures de course sur sentier Ultra Pro de Salomon - Hommes,"118,97 $"
55,Chaussures de course sur sentier Ultra Raptor de La Sportiva - Hommes,"149,95 $"
56,Chaussures de course sur route Ghost 12 GTX de Brooks - Hommes,"184,95 $"
57,Chaussures de course sur route imperméables Cloud de On - Hommes,"179,95 $"
58,Chaussures d'approche Konseal FL GTX de Arc'teryx - Hommes,"219,95 $"
59,Chaussures de course sur route GT-1000 7 de Asics - Hommes,"109,99 $"
60,Chaussures V-Train de Vibram - Hommes,"89,97 $"
61,Chaussures de course Summit Unknown GTX de New Balance - Hommes,"169,95 $"
62,Chaussures de courte randonnée OUT GORE-TEX Pro de Salomon - Hommes,"209,95 $"
63,Chaussures de course sur sentier Peregrine 8 GTX de Saucony - Hommes,"179,95 $"
64,Chaussures imperméables Sawtooth II Mid B-Dry de Oboz - Hommes,"199,95 $"
65,Chaussures de course sur sentier Terraventure de Topo Athletic - Hommes,"199,95 $"
66,Chaussures de course sur sentier Bushido II de La Sportiva - Hommes,"149,95 $"
67,Chaussures de course sur sentier XA Elevate 2 GTX de Salomon - Hommes,"125,97 $"
68,Chaussures Mendenhall Low de Oboz - Hommes,"149,95 $"
69,Chaussures Ohana Li'Ili de Olukai - Hommes,"118,97 $"
70,Chaussures de course Fresh Foam Hierro v5 de New Balance - Hommes,"179,95 $"
71,Chaussures Mission LT de Black Diamond - Hommes,"179,95 $"
72,Chaussures de course sur sentier Torrent de Hoka One One - Hommes,"159,95 $"
73,Chaussures d'entraînement F-Lite G 290 de Inov-8 - Unisexe,"146,97 $"
74,Chaussures de course sur sentier Alphacross GTX de Salomon - Hommes,"90,97 $"
75,Chaussures sans lacets Jungle Moc 2.0 de Merrell - Hommes,"97,97 $"
76,Chaussures d'approche TX2 de La Sportiva - Hommes,"139,95 $"
77,Chaussures de course sur route Ride ISO 2 de Saucony - Hommes,"159,95 $"
78,Chaussures Mendenhall Low de Oboz - Hommes,"149,95 $"
79,Chaussures de course sur sentier Cloudventure de On - Hommes,"189,95 $"
80,Chaussures de course sur sentier Peregrine 8 GTX de Saucony - Hommes,"179,95 $"
81,Chaussures de courte randonnée Aerios FL Mid GTX de Arc'teryx - Hommes,"214,95 $"
82,Chaussures de course sur sentier S/LAB Ultra de Salomon - Unisexe,"219,95 $"
83,Chaussures Margarita de Scarpa - Hommes,"169,95 $"
84,Chaussures Versafoam Excursion TR 13 GTX de Saucony - Hommes,"149,95 $"
85,Chaussures imperméables Clyde II de Forsake - Hommes,"84,98 $"
86,Chaussures de course sur route Clifton 6 de Hoka One One - Hommes,"169,95 $"
87,Chaussures d'entraînement Metcon 5 de Nike - Unisexe,"169,95 $"
88,Chaussures de course sur route Wave Inspire 15 de Mizuno - Hommes,"101,97 $"
89,Chaussures nautiques Ogopogo en néoprène de MEC - Unisexe,"49,95 $"
90,Chaussures Technician de Black Diamond - Hommes,"174,95 $"
91,Chaussures de course sur route Pulseboost HD de Adidas - Hommes,"113,97 $"
92,Chaussures de course Fresh Foam Zante Pursuit de New Balance - Hommes,"89,97 $"
93,Chaussures de courte randonnée Kaha GTX de Hoka One One - Hommes,"289,95 $"
94,Chaussures de sport Soft 7 de Ecco - Hommes,"209,95 $"
95,Chaussures Acro de Salomon - Hommes,"111,97 $"
96,Chaussures course sur sentier imper Cloudventure de On - Hommes,"209,95 $"
97,Chaussures de course sur sentier Lycan de La Sportiva - Hommes,"89,00 $"
98,Chaussures de course Mudclaw G 260 Graphene Grip de Inov-8 - Unisexe,"139,97 $"
99,Chaussures d'approche Boulder X de La Sportiva - Hommes,"129,95 $"
100,Chaussures de course sur route Ultraboost 19 de Adidas - Hommes,"179,99 $"
101,Chaussures de courte randonnée Outbound de Salomon - Hommes,"119,95 $"
102,Chaussures de course sur sentier Hydroventure 2 de Topo Athletic - Hommes,"153,97 $"
103,Chaussures de course sur route Ghost 12 GTX de Brooks - Hommes,"184,95 $"
104,Chaussures course sur sentier Air Zoom Pegasus 36 de Nike - Hommes,"169,95 $"
105,Chaussures de course Terraultra G260 Graphene Grip de Inov-8 - Unisexe,"139,97 $"
106,Chaussures FiveFingers V-Aqua de Vibram - Hommes,"139,95 $"
107,Chaussures de sport Byway de Ecco - Hommes,"99,98 $"
108,Chaussures sans lacets Nohea Lole de Olukai - Hommes,"69,97 $"
109,Chaussures de course sur sentier Cascadia 14 de Brooks - Hommes,"159,95 $"
110,Chaussures nautiques Surfwalker Pro Mesh de Speedo - Hommes,"29,95 $"
111,Chaussures d'entraînement Minimus 20v7 de New Balance - Hommes,"129,95 $"
112,Chaussures de course NewRun BUGrip Traction de Icebug - Hommes,"136,47 $"
113,Chaussures chukkas Davis Square cuir et tissu de Timberland - Hommes,"99,95 $"
114,Chaussures Mexico 66 de Onitsuka Tiger - Unisexe,"89,99 $"
115,Chaussures de course sur route 870 v5 de New Balance - Hommes,"149,95 $"
116,Chaussures de course sur sentier Kaptiva de La Sportiva - Hommes,"159,95 $"
117,Chaussures de course Gel-Kayano 26 Lite-Show 2.0 de Asics - Hommes,"153,97 $"
118,Chaussures de course sur route Alphabounce+ Parley de Adidas - Hommes,"62,37 $"
119,Chaussures d'entraînement F-Lite G 300 de Inov-8 - Hommes,"204,95 $"
120,Chaussures de course sur route Cloudflow de On - Hommes,"169,95 $"
121,Chaussures d'entraînement Free X Metcon 2 de Nike - Hommes,"159,95 $"
122,Chaussures course sur route Odyssey React Flyknit2 de Nike - Hommes,"95,97 $"
123,Chaussures Nova Canvas de Veja - Unisexe,"83,97 $"
124,Chaussures de course sur sentier Snowspike de Salomon - Hommes,"160,97 $"
125,Chaussures de course sur route Free RN 5.0 de Nike - Hommes,"80,97 $"
126,Chaussures Makia Ulana Kai de Olukai - Hommes,"97,97 $"
127,Chaussures chukkas Phil de Forsake - Hommes,"159,95 $"
128,Chaussures de course sur sentier Cloudventure Peak de On - Hommes,"132,97 $"
129,Chaussures de course sur sentier Summit K.O.M. de New Balance - Hommes,"154,95 $"
130,Chaussures Backpedal Clime Outdry de Columbia - Hommes,"83,97 $"
131,Chaussures de course sur sentier Xodus ISO 3 de Saucony - Hommes,"107,97 $"
132,Chaussures Ohana Li'Ili de Olukai - Hommes,"118,97 $"
133,Chaussures de course sur route Sonic RA 2 Nocturne de Salomon - Hommes,"113,97 $"
134,Chaussures Oxford imperméables Grixsen de Columbia - Hommes,"83,97 $"
135,Chaussures de courte randonnée OUT GORE-TEX Pro de Salomon - Hommes,"209,95 $"
136,Chaussures en toile de coton biologique Wata Vegan de Veja - Unisexe,"89,99 $"
137,Chaussures chukkas en cuir Groveton Lace-to-Toe de Timberland - Hommes,"69,97 $"
138,Chaussures de course sur sentier V-Trail 2.0 de Vibram - Hommes,"164,95 $"
139,Chaussures Speedcross 5 GTX Nocturne de Salomon - Hommes,"199,95 $"
140,Chaussures de course Fresh Foam Roav V2 de New Balance - Hommes,"76,97 $"
141,Chaussures de course sur sentier Cascadia 14 de Brooks - Hommes,"159,95 $"
142,Chaussures de course Fresh Foam Crag Trail v2 de New Balance - Hommes,"109,95 $"
143,Chaussures de course sur route Phantom de Topo Athletic - Hommes,"189,95 $"
144,Chaussures de course sur sentier Peregrine ISO de Saucony - Hommes,"104,97 $"
145,Chaussures de course sur route Adizero RC de Adidas - Unisexe,"97,46 $"
146,Chaussures SDU REC Flannel de Veja - Unisexe,"97,97 $"
147,Chaussures amphibies Amphib Bold de Salomon - Hommes,"77,97 $"
148,Chaussures d'approche TX 3 de La Sportiva - Hommes,"159,95 $"
149,Chaussures d'approche Crux de Scarpa - Hommes,"179,95 $"
150,Chaussures d'entraînement Fresh Foam Zante de New Balance - Hommes,"119,95 $"
151,Chaussures de randonnée légère Voyageur de Keen - Hommes,"139,95 $"
152,Chaussures de course sur sentier Terrex CMTK GTX de Adidas - Hommes,"127,46 $"
153,Chaussures Semnoz III de Saola - Hommes,"75,00 $"
154,Chaussures de course sur route Wave Rider 23 de Mizuno - Hommes,"169,95 $"
155,Chaussures sans lacets imperméables Na'i de Olukai - Hommes,"122,47 $"
156,Chaussures imperméables Brock de UGG - Hommes,"87,47 $"
157,Chaussures d'approche Mescalito Mid GORE-TEX de Scarpa - Hommes,"181,97 $"
158,Chaussures Rebel de Evolv - Hommes,"139,00 $"
159,Chaussures de courte randonnée Toa GTX de Hoka One One - Hommes,"219,95 $"
160,Chaussures de course sur sentier Superior 4 de Altra - Hommes,"159,95 $"
161,Chaussures de course sur sentier XA Pro 3D de Salomon - Hommes,"95,97 $"
162,Chaussures Sdu Rt B-Mesh de Veja - Unisexe,"97,97 $"
163,Chaussures de randonnée Ultra Fastpack III GTX de The North Face - Hommes,"132,99 $"
164,Chaussures de course sur route Freedom 3 de Saucony - Hommes,"189,95 $"
165,Chaussures Cruzer Psyche de Evolv - Hommes,"119,00 $"
166,Chaussures de course sur sentier X-Talon Ultra 260 de Inov-8 - Hommes,"116,97 $"
167,Chaussures imperméables Union Derby de UGG - Hommes,"174,95 $"
168,Chaussures de course sur route Torin 4 de Altra - Hommes,"159,95 $"
169,Chaussures 574 v2 de New Balance - Hommes,"109,95 $"
170,Chaussures Havasu Knit Recycled Vegan de Saola - Hommes,"49,50 $"
171,Chaussures imperméables Backpedal Outdry de Columbia - Hommes,"77,97 $"
172,Chaussures IVO Trail de Columbia - Hommes,"77,97 $"
173,Chaussures de course sur route Rincon de Hoka One One - Hommes,"149,95 $"
174,Chaussures en toile Sharkbyte de Xtratuf - Hommes,"47,97 $"
175,Chaussures de course sur sentier XA Pro 3D v8 de Salomon - Hommes,"169,95 $"
176,Chaussures de course sur sentier Corvara de The North Face - Hommes,"95,99 $"
177,Chaussures Ridge Tx de Reef - Hommes,"35,00 $"
178,Chaussures de randonnée imperméables Venture Mid de Keen - Hommes,"153,97 $"
179,Chaussures de course sur route Ride ISO de Saucony - Hommes,"95,97 $"
180,Chaussures de course sur sentier Cascadia 13 de Brooks - Hommes,"99,00 $"
181,Chaussures imperméables Driggs de Forsake - Hommes,"65,00 $"
182,Chaussures Oxford Brooklyn en tissu de Timberland - Hommes,"109,95 $"
183,Chaussures de course sur sentier Switchback ISO de Saucony - Hommes,"169,95 $"
184,Chaussures de course sur route Cloudstratus de On - Hommes,"219,95 $"
185,Chaussures de course sur sentier X-Talon 255 de Inov-8 - Hommes,"219,95 $"
186,Chaussures de course sur route Guide ISO 2 de Saucony - Hommes,"101,97 $"
187,Chaussures de course imperméables Cloudventure de On - Hommes,"209,95 $"
188,Chaussures Baikal de Saola - Hommes,"90,00 $"
189,Chaussures de course sur sentier Speedgoat 4 de Hoka One One - Hommes,"189,95 $"
190,Chaussures de course sur route STRATA 3 de 361 Degrees - Hommes,"99,98 $"
191,Chaussures de course sur sentier Parkclaw 240 Knit de Inov-8 - Hommes,"87,00 $"
192,Chaussures de course sur route Solar Glide de Adidas - Hommes,"179,95 $"
193,Chaussures mi-hautes Spiniker Nb de Reef - Hommes,"59,00 $"
194,Chaussures de course Air Zoom Pegasus 36 Shield de Nike - Hommes,"164,95 $"
195,Bottes de randonnée imperméables Garrison Trail basses de Timberland - Hommes,"159,95 $"
196,Chaussures de course Adizero Boston Boost 8 de Adidas - Hommes,"159,95 $"
197,Chaussures de course sur sentier Spin Ultra de Scarpa - Hommes,"149,96 $"
198,Chaussures de course sur route Ricochet 2 de Brooks - Hommes,"149,95 $"
199,Chaussures Conspiracy III Titanium Outdry de Columbia - Hommes,"109,00 $"
200,Chaussures 997H de New Balance - Hommes,"119,95 $"
201,Chaussures de course sur sentier Peregrine 8 ICE+ de Saucony - Hommes,"113,40 $"
202,Chaussures Grovler 2 Natural de Reef - Hommes,"48,95 $"
203,Chaussures de randonnée légère Targhee EVO Mid de Keen - Hommes,"99,98 $"
204,Chaussures de course sur sentier Gel-Sonoma 4 de Asics - Hommes,"76,97 $"
205,Chaussures de courte randonnée imp.Moab FST de Merrell - Hommes,"109,00 $"
206,Chaussures Landis 2 TX de Reef - Hommes,"59,99 $"
207,Chaussures basses Tuckerman de Timberland - Hommes,"89,99 $"
208,Chaussures de randonnée légère mi-hautes imperméables MQMAce de Merrell - Hommes,"159,99 $"
209,Chaussures de course sur sentier SpeedGoat 2 de Hoka - Hommes,"139,00 $"
210,Chaussures de course sur route Launch 4 de Brooks - Hommes,"100,00 $"
211,Chaussures de course route Adizero Boston Boost 7 de Adidas - Hommes,"109,99 $"
212,Chaussures de randonnée Irrigon OutDry Extreme de Columbia - Hommes,"105,00 $"
213,Chaussures sans lacets Unio Wharf de Timberland - Hommes,"59,95 $"
214,Chaussures Barkley de Merrell - Hommes,"99,99 $"
215,Chaussures Sense Ride GORE-TEX Invisible Fit de Salomon - Hommes,"141,75 $"
216,Chaussures de course sur route Kinvara 11 de Saucony - Hommes,"139,95 $"
217,Chaussures de course sur route Cloudstratus de On - Hommes,"219,95 $"
218,Chaussures de course sur route Cloudswift de On - Hommes,"189,95 $"
219,Chaussures de course Sense Ride 3 GTX InvisibleFit de Salomon - Hommes,"199,95 $"
220,Chaussures de course sur sentier Sense Pro 4 de Salomon - Hommes,"169,95 $"
221,Chaussures de course sur sentier Sense Flow GORE-TEX de Salomon - Hommes,"159,95 $"
222,Chaussures de courte randonnée X Raise GORE-TEX de Salomon - Hommes,"159,95 $"
223,Chaussures de courte randonnée X Raise de Salomon - Hommes,"139,95 $"
224,Chaussures course sentier S/LAB SENSE 8 Soft de Salomon - Unisexe,"219,95 $"
225,Bottes de randonnée imperméables Garrison Trail basses de Timberland - Hommes,"159,95 $"
226,Chaussures de randonnée Activist FUTURELIGHT de The North Face - Hommes,"179,99 $"
227,Chaussures Ultra Fastpack IV FUTURELIGHT Mid de The North Face - Hommes,"199,99 $"
228,Chaussures de courte randonnée Ultra Fastpack IV FUTURELIGHT de The North Face - Hommes,"189,99 $"
229,Chaussures de randonnée imperméables Ultra 111 de The North Face - Hommes,"159,99 $"
230,Chaussures de course sur route GT-2000 8 Lite-Show de Asics - Hommes,"169,95 $"
231,Chaussures de course Gel-Nimbus 22 Lite-Show de Asics - Hommes,"199,95 $"
232,Chaussures imperméables Union Derby de UGG - Hommes,"174,95 $"
233,Chaussures de courte randonnée Explore Mid de Keen - Hommes,"159,95 $"
234,Chaussures de course sur sentier Divide de Brooks - Hommes,"159,95 $"
235,Chaussures de course sur sentier Terrex Skychaser de Adidas - Hommes,"179,95 $"
236,Chaussures de course Terrex Agravic LT GTX de Adidas - Hommes,"129,95 $"
237,Chaussures de course sur route Adizero RC 2 de Adidas - Hommes,"129,95 $"
238,Chaususres de course sur sentier MTL Long Sky de Merrell - Hommes,"169,95 $"
239,Chaussures de course MTL Skyfire Invisible Fit GTX de Merrell - Hommes,"159,95 $"
240,Chaussures Grovler 2 Natural de Reef - Hommes,"48,95 $"
241,Chaussures Baikal de Saola - Hommes,"90,00 $"
242,Chaussures de course sur sentier Cascadia 13 de Brooks - Hommes,"99,00 $"
243,Chaussures Landis 2 TX de Reef - Hommes,"59,99 $"
244,Chaussures d'approche Mescalito Mid GORE-TEX de Scarpa - Hommes,"181,97 $"
245,Chaussures de course sur sentier XA Wild GORE-TEX de Salomon - Hommes,"189,95 $"
246,Chaussures de courte randonnée imp.Moab FST de Merrell - Hommes,"109,00 $"
247,Chaussures de course sur route Levitate 2 de Brooks - Hommes,"189,95 $"
